precision,recall,accuracy,f1_score,log_loss,roc_auc
0.0,0.0,0.979757085020243,0.0,0.0679151901990884,0.95071128871128874