training_run,iteration,loss,eval_loss,learning_rate,duration_ms
0,7,0.052413597178487169,0.067915190199088357,25.6,3513
0,6,0.056111854907947775,0.068461964453275667,12.8,3426
0,5,0.062835650123210643,0.072863730284398923,6.4,4645
0,4,0.076661212548622792,0.08468939548329478,3.2,3563
0,3,0.10618514694952025,0.11228488149253249,1.6,4256
0,2,0.17718161279758804,0.18140141826912129,0.8,3482
0,1,0.32587786153329557,0.32833360534401873,0.4,3710
0,0,0.52399387129400044,0.52499019606891573,0.2,3350